<?xml version="1.0" encoding="UTF-8"?>
<GenRun Id="impl_1" LaunchPart="xc7z020clg400-1" LaunchTime="1762345021">
  <File Type="ROUTE-PWR" Name="topFrame_power_routed.rpt"/>
  <File Type="PA-TCL" Name="topFrame.tcl"/>
  <File Type="BITSTR-MMI" Name="topFrame.mmi"/>
  <File Type="OPT-METHODOLOGY-DRC" Name="topFrame_methodology_drc_opted.rpt"/>
  <File Type="INIT-TIMING" Name="topFrame_timing_summary_init.rpt"/>
  <File Type="ROUTE-PWR-SUM" Name="topFrame_power_summary_routed.pb"/>
  <File Type="REPORTS-TCL" Name="topFrame_reports.tcl"/>
  <File Type="OPT-TIMING" Name="topFrame_timing_summary_opted.rpt"/>
  <File Type="OPT-DCP" Name="topFrame_opt.dcp"/>
  <File Type="OPT-DRC" Name="topFrame_drc_opted.rpt"/>
  <File Type="OPT-HWDEF" Name="topFrame.hwdef"/>
  <File Type="PWROPT-DCP" Name="topFrame_pwropt.dcp"/>
  <File Type="PWROPT-DRC" Name="topFrame_drc_pwropted.rpt"/>
  <File Type="PWROPT-TIMING" Name="topFrame_timing_summary_pwropted.rpt"/>
  <File Type="PLACE-DCP" Name="topFrame_placed.dcp"/>
  <File Type="PLACE-IO" Name="topFrame_io_placed.rpt"/>
  <File Type="PLACE-CLK" Name="topFrame_clock_utilization_placed.rpt"/>
  <File Type="PLACE-UTIL" Name="topFrame_utilization_placed.rpt"/>
  <File Type="PLACE-UTIL-PB" Name="topFrame_utilization_placed.pb"/>
  <File Type="PLACE-CTRL" Name="topFrame_control_sets_placed.rpt"/>
  <File Type="PLACE-SIMILARITY" Name="topFrame_incremental_reuse_placed.rpt"/>
  <File Type="PLACE-PRE-SIMILARITY" Name="topFrame_incremental_reuse_pre_placed.rpt"/>
  <File Type="BG-BIN" Name="topFrame.bin"/>
  <File Type="PLACE-TIMING" Name="topFrame_timing_summary_placed.rpt"/>
  <File Type="POSTPLACE-PWROPT-DCP" Name="topFrame_postplace_pwropt.dcp"/>
  <File Type="BITSTR-MSK" Name="topFrame.msk"/>
  <File Type="POSTPLACE-PWROPT-TIMING" Name="topFrame_timing_summary_postplace_pwropted.rpt"/>
  <File Type="PHYSOPT-DCP" Name="topFrame_physopt.dcp"/>
  <File Type="PHYSOPT-DRC" Name="topFrame_drc_physopted.rpt"/>
  <File Type="BITSTR-RBT" Name="topFrame.rbt"/>
  <File Type="PHYSOPT-TIMING" Name="topFrame_timing_summary_physopted.rpt"/>
  <File Type="ROUTE-ERROR-DCP" Name="topFrame_routed_error.dcp"/>
  <File Type="ROUTE-DCP" Name="topFrame_routed.dcp"/>
  <File Type="ROUTE-BLACKBOX-DCP" Name="topFrame_routed_bb.dcp"/>
  <File Type="ROUTE-DRC" Name="topFrame_drc_routed.rpt"/>
  <File Type="ROUTE-DRC-PB" Name="topFrame_drc_routed.pb"/>
  <File Type="ROUTE-DRC-RPX" Name="topFrame_drc_routed.rpx"/>
  <File Type="ROUTE-METHODOLOGY-DRC" Name="topFrame_methodology_drc_routed.rpt"/>
  <File Type="ROUTE-METHODOLOGY-DRC-RPX" Name="topFrame_methodology_drc_routed.rpx"/>
  <File Type="ROUTE-METHODOLOGY-DRC-PB" Name="topFrame_methodology_drc_routed.pb"/>
  <File Type="ROUTE-PWR-RPX" Name="topFrame_power_routed.rpx"/>
  <File Type="ROUTE-STATUS" Name="topFrame_route_status.rpt"/>
  <File Type="ROUTE-STATUS-PB" Name="topFrame_route_status.pb"/>
  <File Type="ROUTE-TIMINGSUMMARY" Name="topFrame_timing_summary_routed.rpt"/>
  <File Type="ROUTE-TIMING-PB" Name="topFrame_timing_summary_routed.pb"/>
  <File Type="ROUTE-TIMING-RPX" Name="topFrame_timing_summary_routed.rpx"/>
  <File Type="ROUTE-SIMILARITY" Name="topFrame_incremental_reuse_routed.rpt"/>
  <File Type="ROUTE-CLK" Name="topFrame_clock_utilization_routed.rpt"/>
  <File Type="ROUTE-BUS-SKEW" Name="topFrame_bus_skew_routed.rpt"/>
  <File Type="ROUTE-BUS-SKEW-PB" Name="topFrame_bus_skew_routed.pb"/>
  <File Type="ROUTE-BUS-SKEW-RPX" Name="topFrame_bus_skew_routed.rpx"/>
  <File Type="POSTROUTE-PHYSOPT-DCP" Name="topFrame_postroute_physopt.dcp"/>
  <File Type="POSTROUTE-PHYSOPT-BLACKBOX-DCP" Name="topFrame_postroute_physopt_bb.dcp"/>
  <File Type="POSTROUTE-PHYSOPT-TIMING" Name="topFrame_timing_summary_postroute_physopted.rpt"/>
  <File Type="POSTROUTE-PHYSOPT-TIMING-PB" Name="topFrame_timing_summary_postroute_physopted.pb"/>
  <File Type="POSTROUTE-PHYSOPT-TIMING-RPX" Name="topFrame_timing_summary_postroute_physopted.rpx"/>
  <File Type="POSTROUTE-PHYSOPT-BUS-SKEW" Name="topFrame_bus_skew_postroute_physopted.rpt"/>
  <File Type="BG-BIT" Name="topFrame.bit"/>
  <File Type="POSTROUTE-PHYSOPT-BUS-SKEW-PB" Name="topFrame_bus_skew_postroute_physopted.pb"/>
  <File Type="POSTROUTE-PHYSOPT-BUS-SKEW-RPX" Name="topFrame_bus_skew_postroute_physopted.rpx"/>
  <File Type="BITSTR-NKY" Name="topFrame.nky"/>
  <File Type="BITSTR-BMM" Name="topFrame_bd.bmm"/>
  <File Type="PDI-FILE" Name="topFrame.pdi"/>
  <File Type="RCFI_FILE" Name="topFrame.rcfi"/>
  <File Type="CFI_FILE" Name="topFrame.cfi"/>
  <File Type="RNPI_FILE" Name="topFrame.rnpi"/>
  <File Type="NPI_FILE" Name="topFrame.npi"/>
  <File Type="RBD_FILE" Name="topFrame.rbd"/>
  <File Type="BITSTR-LTX" Name="debug_nets.ltx"/>
  <File Type="BITSTR-LTX" Name="topFrame.ltx"/>
  <File Type="BITSTR-SYSDEF" Name="topFrame.sysdef"/>
  <File Type="BG-BGN" Name="topFrame.bgn"/>
  <File Type="BG-DRC" Name="topFrame.drc"/>
  <File Type="RDI-RDI" Name="topFrame.vdi"/>
  <File Type="WBT-USG" Name="usage_statistics_webtalk.html"/>
  <File Type="ROUTE-RQS" Name="topFrame_routed.rqs"/>
  <File Type="POSTROUTE-PHYSOPT-RQS" Name="topFrame_postroute_physopted.rqs"/>
  <File Type="ROUTE-RQS-RPT" Name="route_report_qor_suggestions_0.rpt"/>
  <File Type="POSTROUTE-PHYSOPT-RQS-RPT" Name="postroute_physopt_report_qor_suggestions_0.rpt"/>
  <FileSet Name="sources" Type="DesignSrcs" RelSrcDir="$PSRCDIR/sources_1" RelGenDir="$PGENDIR/sources_1">
    <Filter Type="Srcs"/>
    <File Path="$PSRCDIR/sources_1/bd/zynq/zynq.bd">
      <FileInfo>
        <Attr Name="UsedIn" Val="synthesis"/>
        <Attr Name="UsedIn" Val="implementation"/>
        <Attr Name="UsedIn" Val="simulation"/>
      </FileInfo>
    </File>
    <File Path="$PSRCDIR/sources_1/new/FSM.v">
      <FileInfo>
        <Attr Name="UsedIn" Val="synthesis"/>
        <Attr Name="UsedIn" Val="implementation"/>
        <Attr Name="UsedIn" Val="simulation"/>
      </FileInfo>
    </File>
    <File Path="$PSRCDIR/sources_1/new/divider.v">
      <FileInfo>
        <Attr Name="UsedIn" Val="synthesis"/>
        <Attr Name="UsedIn" Val="implementation"/>
        <Attr Name="UsedIn" Val="simulation"/>
      </FileInfo>
    </File>
    <File Path="$PSRCDIR/sources_1/new/rtc.v">
      <FileInfo>
        <Attr Name="UsedIn" Val="synthesis"/>
        <Attr Name="UsedIn" Val="implementation"/>
        <Attr Name="UsedIn" Val="simulation"/>
      </FileInfo>
    </File>
    <File Path="$PSRCDIR/sources_1/new/uart_115200bps_100MHz.v">
      <FileInfo>
        <Attr Name="UsedIn" Val="synthesis"/>
        <Attr Name="UsedIn" Val="implementation"/>
        <Attr Name="UsedIn" Val="simulation"/>
      </FileInfo>
    </File>
    <File Path="$PGENDIR/sources_1/bd/zynq/hdl/zynq_wrapper.v">
      <FileInfo>
        <Attr Name="UsedIn" Val="synthesis"/>
        <Attr Name="UsedIn" Val="implementation"/>
        <Attr Name="UsedIn" Val="simulation"/>
      </FileInfo>
    </File>
    <File Path="$PSRCDIR/sources_1/new/topFrame.v">
      <FileInfo>
        <Attr Name="UsedIn" Val="synthesis"/>
        <Attr Name="UsedIn" Val="implementation"/>
        <Attr Name="UsedIn" Val="simulation"/>
      </FileInfo>
    </File>
    <File Path="$PPRDIR/../../RTC/leapyear.v">
      <FileInfo>
        <Attr Name="AutoDisabled" Val="1"/>
        <Attr Name="UsedIn" Val="synthesis"/>
        <Attr Name="UsedIn" Val="implementation"/>
        <Attr Name="UsedIn" Val="simulation"/>
      </FileInfo>
    </File>
    <Config>
      <Option Name="DesignMode" Val="RTL"/>
      <Option Name="TopModule" Val="topFrame"/>
      <Option Name="TopAutoSet" Val="TRUE"/>
    </Config>
  </FileSet>
  <FileSet Name="constrs_in" Type="Constrs" RelSrcDir="$PSRCDIR/constrs_1">
    <Filter Type="Constrs"/>
    <File Path="$PSRCDIR/constrs_1/new/topFrame.xdc">
      <FileInfo>
        <Attr Name="UsedIn" Val="synthesis"/>
        <Attr Name="UsedIn" Val="implementation"/>
      </FileInfo>
    </File>
    <Config>
      <Option Name="ConstrsType" Val="XDC"/>
    </Config>
  </FileSet>
  <FileSet Name="utils" Type="Utils" RelSrcDir="$PSRCDIR/utils_1">
    <Filter Type="Utils"/>
    <Config>
      <Option Name="TopAutoSet" Val="TRUE"/>
    </Config>
  </FileSet>
  <Strategy Version="1" Minor="2">
    <StratHandle Name="Vivado Implementation Defaults" Flow="Vivado Implementation 2020"/>
    <Step Id="init_design"/>
    <Step Id="opt_design"/>
    <Step Id="power_opt_design"/>
    <Step Id="place_design"/>
    <Step Id="post_place_power_opt_design"/>
    <Step Id="phys_opt_design"/>
    <Step Id="route_design"/>
    <Step Id="post_route_phys_opt_design"/>
    <Step Id="write_bitstream"/>
  </Strategy>
  <BlockFileSet Type="BlockSrcs" Name="zynq_processing_system7_0_0"/>
</GenRun>
